model,rmse,mae,mape
baseline_lstm,4.7254282197215955,3.684694290161133,0.023067163303494453
enriched_lstm,4.883520847057731,3.73038387298584,0.02262476459145546
